{
  "generated_utc": "2026-02-25T09:37:24Z",
  "baseline_method": "Transit",
  "method_order": [
    "Transit",
    "Radial Velocity",
    "Imaging",
    "Microlensing"
  ],
  "analysis": {
    "std_ddof": 1,
    "quantile_method": "linear"
  },
  "mass_provenance": {
    "by_method": {
      "Transit": {
        "Msini": 36,
        "Mass": 1601,
        "Other": 2864
      },
      "Radial Velocity": {
        "Msini": 858,
        "Mass": 298,
        "Other": 10
      },
      "Imaging": {
        "Msini": 3,
        "Mass": 89,
        "Other": 0
      },
      "Microlensing": {
        "Msini": 0,
        "Mass": 266,
        "Other": 0
      }
    }
  },
  "metrics": {
    "pl_rade": {
      "units": "Earth radii",
      "by_method": {
        "Transit": {
          "n_total": 4501,
          "n_nonnull": 4500,
          "missing_rate": 0.00022217285047765323,
          "min": 0.3098,
          "p05": 1.0099500000000001,
          "p25": 1.62,
          "p50": 2.43,
          "p75": 3.9699999999999998,
          "p95": 14.874902168500002,
          "max": 32.6,
          "mean": 4.3681517921,
          "std": 4.596210594142731
        },
        "Radial Velocity": {
          "n_total": 1166,
          "n_nonnull": 1129,
          "missing_rate": 0.03173241852487141,
          "min": 0.637,
          "p05": 1.5332000000000001,
          "p25": 4.12,
          "p50": 12.6,
          "p75": 13.4,
          "p95": 14.1,
          "max": 15.58051,
          "mean": 9.759872661948627,
          "std": 4.780243892568899
        },
        "Imaging": {
          "n_total": 92,
          "n_nonnull": 88,
          "missing_rate": 0.04347826086956519,
          "min": 10.468,
          "p05": 11.9,
          "p25": 12.2,
          "p50": 12.4,
          "p75": 14.0112319025,
          "p95": 28.30279499999995,
          "max": 87.20586985,
          "mean": 15.61221579375,
          "std": 11.054067260702297
        },
        "Microlensing": {
          "n_total": 266,
          "n_nonnull": 266,
          "missing_rate": 0.0,
          "min": 1.09,
          "p05": 1.8275000000000001,
          "p25": 4.86,
          "p50": 12.4,
          "p75": 13.5,
          "p95": 14.1,
          "max": 14.3,
          "mean": 9.850563909774436,
          "std": 4.534830743201452
        }
      },
      "diff_vs_baseline": {
        "Radial Velocity": {
          "point": 10.17,
          "ci_low": 10.03395691775,
          "ci_high": 10.280563749999999,
          "reason": null
        },
        "Imaging": {
          "point": 9.97,
          "ci_low": 9.8599975,
          "ci_high": 10.2,
          "reason": null
        },
        "Microlensing": {
          "point": 9.97,
          "ci_low": 9.629999999999999,
          "ci_high": 10.46,
          "reason": null
        }
      }
    },
    "pl_orbper": {
      "units": "days",
      "by_method": {
        "Transit": {
          "n_total": 4501,
          "n_nonnull": 4501,
          "missing_rate": 0.0,
          "min": 0.1120067,
          "p05": 1.36665436,
          "p25": 3.833091178,
          "p50": 8.15872,
          "p75": 19.502104,
          "p95": 88.07160187,
          "max": 3650.0,
          "mean": 23.972645441747456,
          "std": 80.99049950360465
        },
        "Radial Velocity": {
          "n_total": 1166,
          "n_nonnull": 1166,
          "missing_rate": 0.0,
          "min": 0.7365474,
          "p05": 3.6628249999999998,
          "p25": 21.806372500000002,
          "p50": 298.895,
          "p75": 1115.75,
          "p95": 7781.187925,
          "max": 77114.07158,
          "mean": 1754.3168575720838,
          "std": 5246.490727217164
        },
        "Imaging": {
          "n_total": 92,
          "n_nonnull": 25,
          "missing_rate": 0.7282608695652174,
          "min": 2090.0,
          "p05": 3771.501904000001,
          "p25": 9697.0,
          "p50": 33000.0,
          "p75": 117000.0,
          "p95": 7891999.999999998,
          "max": 402000000.0,
          "mean": 17028014.904380802,
          "std": 80236631.96996634
        },
        "Microlensing": {
          "n_total": 266,
          "n_nonnull": 12,
          "missing_rate": 0.9548872180451128,
          "min": 1220.0,
          "p05": 1532.675,
          "p25": 2412.75,
          "p50": 3142.5,
          "p75": 4756.875,
          "p95": 9403.999999999993,
          "max": 14200.0,
          "mean": 4175.5575,
          "std": 3424.142541457709
        }
      },
      "diff_vs_baseline": {
        "Radial Velocity": {
          "point": 290.73627999999997,
          "ci_low": 229.6235799625,
          "ci_high": 363.16223851175,
          "reason": null
        },
        "Imaging": {
          "point": 32991.84128,
          "ci_low": 10029.505963,
          "ci_high": 104091.6734847,
          "reason": null
        },
        "Microlensing": {
          "point": 3134.34128,
          "ci_low": null,
          "ci_high": null,
          "reason": "insufficient_n"
        }
      }
    },
    "pl_bmasse": {
      "units": "Earth masses",
      "by_method": {
        "Transit": {
          "n_total": 4501,
          "n_nonnull": 4478,
          "missing_rate": 0.005109975560986468,
          "min": 0.0364,
          "p05": 1.08,
          "p25": 3.39,
          "p50": 6.845,
          "p75": 19.75,
          "p95": 597.5617399999999,
          "max": 8899.195396,
          "mean": 123.46020251712596,
          "std": 500.86939814724207
        },
        "Radial Velocity": {
          "n_total": 1166,
          "n_nonnull": 1165,
          "missing_rate": 0.0008576329331045907,
          "min": 0.193,
          "p05": 3.496889984,
          "p25": 17.162,
          "p50": 346.4347,
          "p75": 1366.6621501,
          "p95": 4475.028430959998,
          "max": 9333.03117155,
          "mean": 1035.405106428661,
          "std": 1624.823527018743
        },
        "Imaging": {
          "n_total": 92,
          "n_nonnull": 89,
          "missing_rate": 0.03260869565217395,
          "min": 635.66,
          "p05": 1271.3054512,
          "p25": 2860.47,
          "p50": 4131.62,
          "p75": 6356.0,
          "p95": 8772.064033199998,
          "max": 9534.85221,
          "mean": 4456.389966383484,
          "std": 2230.448551376113
        },
        "Microlensing": {
          "n_total": 266,
          "n_nonnull": 266,
          "missing_rate": 0.0,
          "min": 1.32,
          "p05": 3.99,
          "p25": 21.0,
          "p50": 170.5,
          "p75": 834.5,
          "p95": 4214.75,
          "max": 9217.023803,
          "mean": 797.6943019686466,
          "std": 1560.1207172713482
        }
      },
      "diff_vs_baseline": {
        "Radial Velocity": {
          "point": 339.5897,
          "ci_low": 269.66184999999996,
          "ci_high": 393.6898,
          "reason": null
        },
        "Imaging": {
          "point": 4124.775,
          "ci_low": 3489.2,
          "ci_high": 4569.9290608,
          "reason": null
        },
        "Microlensing": {
          "point": 163.655,
          "ci_low": 110.60904819325002,
          "ci_high": 228.96861855499998,
          "reason": null
        }
      }
    }
  }
}
